stocks,beta
KHP,0.8456375829311124
OCB,1.0731003325085662
BMI,1.1584418885938075
POW,1.2485462788309962
SBT,1.1692503804880072
